N,seed,method,true_cp,estimated_cp,abs_error,selected_BIC
60000,12554,MLE_depth10,31800,31810,10,0
60000,12554,adaptive_depth10,31800,29461,2339,0
60000,12554,adaptive_BIC,31800,12144,19656,0
60000,12554,adaptive_depth10_window250,31800,29510,2290,0
60000,12554,adaptive_depth10_window500,31800,29510,2290,0
60000,12554,adaptive_depth10_window1000,31800,30010,1790,0
60000,12554,adaptive_depth10_window2000,31800,30010,1790,0
60000,12554,adaptive_depth10_window4000,31800,28010,3790,0
60000,12554,adaptive_depth10_window8000,31800,32010,210,0
60000,12557,MLE_depth10,31800,32010,210,0
60000,12557,adaptive_depth10,31800,31906,106,0
60000,12557,adaptive_BIC,31800,44884,13084,0
60000,12557,adaptive_depth10_window250,31800,32010,210,0
60000,12557,adaptive_depth10_window500,31800,32010,210,0
60000,12557,adaptive_depth10_window1000,31800,32010,210,0
60000,12557,adaptive_depth10_window2000,31800,32010,210,0
60000,12557,adaptive_depth10_window4000,31800,32010,210,0
60000,12557,adaptive_depth10_window8000,31800,32010,210,0
60000,12560,MLE_depth10,31800,31610,190,0
60000,12560,adaptive_depth10,31800,27128,4672,0
60000,12560,adaptive_BIC,31800,47176,15376,0
60000,12560,adaptive_depth10_window250,31800,27260,4540,0
60000,12560,adaptive_depth10_window500,31800,27010,4790,0
60000,12560,adaptive_depth10_window1000,31800,27010,4790,0
60000,12560,adaptive_depth10_window2000,31800,28010,3790,0
60000,12560,adaptive_depth10_window4000,31800,28010,3790,0
60000,12560,adaptive_depth10_window8000,31800,32010,210,0
60000,12563,MLE_depth10,31800,36910,5110,0
60000,12563,adaptive_depth10,31800,36951,5151,0
60000,12563,adaptive_BIC,31800,35841,4041,0
60000,12563,adaptive_depth10_window250,31800,37010,5210,0
60000,12563,adaptive_depth10_window500,31800,37010,5210,0
60000,12563,adaptive_depth10_window1000,31800,37010,5210,0
60000,12563,adaptive_depth10_window2000,31800,36010,4210,0
60000,12563,adaptive_depth10_window4000,31800,36010,4210,0
60000,12563,adaptive_depth10_window8000,31800,32010,210,0
60000,12566,MLE_depth10,31800,32310,510,0
60000,12566,adaptive_depth10,31800,37671,5871,0
60000,12566,adaptive_BIC,31800,38612,6812,0
60000,12566,adaptive_depth10_window250,31800,37760,5960,0
60000,12566,adaptive_depth10_window500,31800,38010,6210,0
60000,12566,adaptive_depth10_window1000,31800,38010,6210,0
60000,12566,adaptive_depth10_window2000,31800,38010,6210,0
60000,12566,adaptive_depth10_window4000,31800,40010,8210,0
60000,12566,adaptive_depth10_window8000,31800,40010,8210,0
180000,12554,MLE_depth10,95400,95810,410,10
180000,12554,adaptive_depth10,95400,95874,474,10
180000,12554,adaptive_BIC,95400,95874,474,10
180000,12554,adaptive_depth10_window250,95400,96010,610,10
180000,12554,adaptive_depth10_window500,95400,96010,610,10
180000,12554,adaptive_depth10_window1000,95400,96010,610,10
180000,12554,adaptive_depth10_window2000,95400,96010,610,10
180000,12554,adaptive_depth10_window4000,95400,96010,610,10
180000,12554,adaptive_depth10_window8000,95400,96010,610,10
180000,12557,MLE_depth10,95400,95410,10,10
180000,12557,adaptive_depth10,95400,95389,11,10
180000,12557,adaptive_BIC,95400,95389,11,10
180000,12557,adaptive_depth10_window250,95400,95260,140,10
180000,12557,adaptive_depth10_window500,95400,95510,110,10
180000,12557,adaptive_depth10_window1000,95400,95010,390,10
180000,12557,adaptive_depth10_window2000,95400,96010,610,10
180000,12557,adaptive_depth10_window4000,95400,96010,610,10
180000,12557,adaptive_depth10_window8000,95400,96010,610,10
180000,12560,MLE_depth10,95400,95410,10,10
180000,12560,adaptive_depth10,95400,95204,196,10
180000,12560,adaptive_BIC,95400,95204,196,10
180000,12560,adaptive_depth10_window250,95400,95260,140,10
180000,12560,adaptive_depth10_window500,95400,95510,110,10
180000,12560,adaptive_depth10_window1000,95400,95010,390,10
180000,12560,adaptive_depth10_window2000,95400,92010,3390,10
180000,12560,adaptive_depth10_window4000,95400,92010,3390,10
180000,12560,adaptive_depth10_window8000,95400,96010,610,10
180000,12563,MLE_depth10,95400,95710,310,10
180000,12563,adaptive_depth10,95400,95820,420,10
180000,12563,adaptive_BIC,95400,95820,420,10
180000,12563,adaptive_depth10_window250,95400,95760,360,10
180000,12563,adaptive_depth10_window500,95400,97510,2110,10
180000,12563,adaptive_depth10_window1000,95400,96010,610,10
180000,12563,adaptive_depth10_window2000,95400,96010,610,10
180000,12563,adaptive_depth10_window4000,95400,96010,610,10
180000,12563,adaptive_depth10_window8000,95400,96010,610,10
180000,12566,MLE_depth10,95400,95810,410,10
180000,12566,adaptive_depth10,95400,96830,1430,10
180000,12566,adaptive_BIC,95400,96830,1430,10
180000,12566,adaptive_depth10_window250,95400,96760,1360,10
180000,12566,adaptive_depth10_window500,95400,97010,1610,10
180000,12566,adaptive_depth10_window1000,95400,97010,1610,10
180000,12566,adaptive_depth10_window2000,95400,96010,610,10
180000,12566,adaptive_depth10_window4000,95400,96010,610,10
180000,12566,adaptive_depth10_window8000,95400,96010,610,10
