sha256	original_path
32bc6b9bdcd73e0e539908573ce7c91167712e7a654cab87b49852a92ad623f5	data/train/A-1.parquet
d8513be94733997a15a931ed73743d46f3048b0de6e568eced4f2285c41bfcdc	data/train/A-2.parquet
52fcda86833313478c99dbb91fe80408a995b4548b25a62cd9ef97d97fb8880a	data/train/A-3.parquet
4e8f6292353f4fef2c3b94c87b1ab232766ad463386e4d23363bcb3991a8e303	data/train/A-4.parquet
4e8deecf084b3261913adbcd960fd46b51de3d59fa50990cb158814a7eb4e8f2	data/train/A-5.parquet
9c4a311f492f1c1a147300a010bfd1df6b4e6e69a6794796a6deee73d13f7057	data/train/A-6.parquet
b812e0bf4d20c88cb9c499eb6c668f7a7353f8ef320c0ff31a4ce880309070e8	data/train/A-7.parquet
68c9674b7fb215daa86b11529286c65aa7d8ddbec685e002df18085881c4704e	data/train/A-8.parquet
a2d314c1d87ee37797e55cf10308a55434aaf995b8b7ec52f485a0bffa953d53	data/train/A-9.parquet
e132ff4af2b09d330f87056c14dc9629e869b4fa09ed7e4d1e1930fa8c2fe08c	data/train/B-1.parquet
5daefbf095dc58d69c7e8004a630910473373a00bc7ac86bd5215f3c2267a8cd	data/train/C-1.parquet
26c057fdbf1127e2c08950fdb1fe24f2a224def7ce841655009643d7af49173a	data/train/C-2.parquet
f91afc82b39fced6f22c35efbe050d7fb035676e87334cb73fc1f325a86ac529	data/train/D-1.parquet
21522bec3d6573e5d69ba847d59e1fb111aaa980f053f995f5e0e4d09650849c	data/train/D-11.parquet
631966a9d04677b9013527e756d16ef32c17f24d739f92ce2594000fe27326ce	data/train/D-12.parquet
e3379f8e420b11dc928d0adeb2d0fb6af9e121d9e46bca226e24d9f4ebe53bea	data/train/D-13.parquet
58be240261db545242f495bad431a95031a69aca6559cceeee7a0c4124d32c91	data/train/D-14.parquet
3ce20edc271df426430d8c1e572e2eeb13f4a22b0f182f844d783e72ea9efee9	data/train/D-15.parquet
9ea12f5bed413726d49be178cbff288d83da21368183625b438307904970698e	data/train/D-16.parquet
13cf3074ceb8fdbf6b5ac054fc4bc95c5b8344cf3b389303d9acab5ed00de04e	data/train/D-2.parquet
337fbf7c04a35d92d425b5db54b2845c3b0cace1ad762457eabc9be5dcf5b165	data/train/D-3.parquet
20e275dde970a0f4fd18c35202cb717c4bb8441fe9b941691eb85b0d5e4f2e91	data/train/D-4.parquet
52477af0ab0f7e9bf94475965a5a799d02d8fd82184f7a43179f5d5f3073d84e	data/train/D-5.parquet
96bbb4ba0091723b735ffee1c58b38c09e6cef5bd02b4b0e4b80838cb28e537f	data/train/D-6.parquet
9d2dbdc201768a732adf20ef8636adc1b017c8e9c0501c62ac7cc5ae5258dd74	data/train/D-7.parquet
ed49735067e24b565500224bc37a6c1e4e291dd754e109938de4def0f87f8af3	data/train/D-8.parquet
91474fbf189bd5e1e6c97d520e4f8252e8c60694bfe03cba0c4abeb9fb7ff159	data/train/D-9.parquet
ad3c3f66f8a4497471fedaaa2d5ab6f559c5f9edfd5b302d6543c4a02005259b	data/train/E-1.parquet
78d0ea5f52a8440d085ea84ecf09644b9c45c4cf700c7d057d3a9fbc74d3da0b	data/train/E-10.parquet
f53a19928724539782f635a23e07a3cabb312de2963a1c5166ad88ddd4d7de24	data/train/E-11.parquet
5c271b20b30d5aa0d9a4d262f1a5f1c00e72855adc62cdc96bc02ee47c87b4ab	data/train/E-12.parquet
1ab260fbf0ee0639dec49b33e992ffba859555d171d3469a3cf9fd8112a04e66	data/train/E-13.parquet
ed1a0e94d985d3bfe849b125d0cb1a4d9a4e0b5a7436545de5c5dbc3f9827f58	data/train/E-2.parquet
ca4ef2a247ab1f1c92d82c30d4a7fbe27b384d00ce51020213b5a204aeff52a4	data/train/E-3.parquet
714c8c7f0b45bdbf5ce4a7e2ba1c7f6bff39c51d254261026f452dc5efcd01b0	data/train/E-4.parquet
c1f09bd0a087041f906f1cf2e287d2b29852d928513e36738d1b641ae359039e	data/train/E-5.parquet
c864774368606f1a0ac2d3b8dbdcabca308975777d34fbda77bd41f11d26060b	data/train/E-6.parquet
6f1bacc0b2c6f903a0ebfdf6c84cb642293dcf358aa302dddcce46f0081486d2	data/train/E-7.parquet
19baf6214b2c8d131aeb775c2db14904ba997b8e492b74e111b613907fa1a0fe	data/train/E-8.parquet
0f7fc27a997f747645982b712b7d15aeb2b36b89e4c7201469baea442dc7987e	data/train/E-9.parquet
78fd2ac7b9e5d8317f757418f75639415dff4bff7b25c8b2268a2ef6dadcb485	data/train/F-1.parquet
d7cb5889a71ec43fdcd91ae942a545e6ba5f7aae31836176499f7c2082b0ce3d	data/train/F-2.parquet
e06833d992ac850d8edc0844771d0a85c63db81d18ad8e84e4918ed11ad6b8be	data/train/F-3.parquet
97e6a03fc7ea143e52f7fdbe9d340103105118861e9c4c41d12abf242230da64	data/train/F-4.parquet
036c7596e176294624667113238633361dd94d8616a2357a3aa0bc1f5c6c745c	data/train/F-5.parquet
9b014342336970980875ad824a3951571c742804daf8cd98612621aa4c1b619c	data/train/F-7.parquet
c03019c9414a1ef0d6ded9ce2701663965c5461e4a030c12249a8d08f028e90f	data/train/F-8.parquet
73bcd92ae48d9b55d38bed08decf7ef04031b55474d743b20d3aaaf483d6f901	data/train/G-1.parquet
e6f8e98d698730ec7f5b1579dd21ffb3aee7e602415a543b736c261816feff8d	data/train/G-2.parquet
ab8f9bee0d85c6a0655333737601302c7ac1c6412528e7c2f4eccd38750beb7a	data/train/G-3.parquet
393cfee53b1554c1933917c3ae6768929791b4cbea4ec9296d22a717eb00fd54	data/train/G-4.parquet
e3f8ffea1c62897388e75316595b15100ac32f5afcc68595cb4d216aa4cc582c	data/train/G-6.parquet
6f6c6ebce069339b732d7b670ca59214708ed4f1d39e8b47db19fec681768175	data/train/G-7.parquet
c665309a89c519bf4635958757eed83224393c0077a25d17c626e68df058ea18	data/train/M-1.parquet
63a25ddffe95ada8609b9905f47226e633795ddc074d470d00190e0846cac438	data/train/M-2.parquet
7d252075ae439a0a9f8a86382934cd50d2ba6ca131581f6925a6ad5b1554a655	data/train/M-3.parquet
bfa686d4b42b47ea75d4d4d0c2ab683a20be8994002f92ab15d362e5623af74e	data/train/M-4.parquet
a96e5dd890b9fa59271d26443af2aceb04aa525a88fc3293aeaafd70b9d9ac05	data/train/M-5.parquet
1c552ebe7b03fd6eecc86bace255e7844afd0e4ae6b351f6bbe784d285143c2c	data/train/M-6.parquet
853dd554a85f1458fed77965827126cf2ea59798ca2448b992f17096fd0e31c9	data/train/M-7.parquet
7e0e0455ad0499f2bb5abb576a743815585ad0ce3e31f969d3c5a329e0928fc7	data/train/P-1.parquet
e8b6e9fe97452020aa09325e1a0309bc74e2d1ee5fdd043eb7ae1e77f87c8c62	data/train/P-10.parquet
5b9817f6a14c63902322f98cf84c3c64fcc9f13585f0196af36fd1f5c5deb548	data/train/P-11.parquet
8d07844f3f8206ff3a90de61826f0f55fb0e797a5561f0ced231f7989d354d6d	data/train/P-14.parquet
e21a071add5a7f62090534b04b58d8ed09a1a7e9c8ab380c40e300c82a813469	data/train/P-15.parquet
2e3839a0a57b49029362e5624bc6af062a2dded9a41f1e5331028e49148def6d	data/train/P-2.parquet
7b77b47456ce9871a2e7029d63a2a28a499dba9ad4204c0a26355003481ec02f	data/train/P-3.parquet
1ab0276421b40dc40de46a39fd10379936359bf04db05e9c345cd51212f6e2f3	data/train/P-4.parquet
02f1f2a0c93d18b53c6b100e2eb62a9ddf6421ac69774c4c823bff89024d8872	data/train/P-7.parquet
c514fb18e724b5b2983da23ec36e1d85ba225e5c6afe7d4b43ae54e19ef0b2c3	data/train/R-1.parquet
947093f3836d3ede3e4509ef4b2ceaa213c941ff7f5b97982937a44692c85794	data/train/S-1.parquet
55e1b4aeb20d682bad7c72e0c08f9c09b2e16d79c8a10350a70567d595135464	data/train/S-2.parquet
42423d3857975df5f30c0db940929a574908b6a07589e4cd24b470f72602978d	data/train/T-1.parquet
53ddefc30e73e07312bdafe0ae33d8e1b242e5173462603b14c34e758936defa	data/train/T-10.parquet
c9a50a1249fbca51b73c37752dfee23aeba76b210d831ae4e2f9b75ae25e2846	data/train/T-12.parquet
3079dc4cdf5eb5918d4139cee588d5fe8cd530417e1b3d00c91b75356c7717bc	data/train/T-13.parquet
190ca0eb6440e798dca8441187015f9bbb095f74667f419ee965a457bf11e78c	data/train/T-2.parquet
e864ba1ed3c9a7fb1dbeb95606f2ae41884f36de2fe23517485d3f32cff0d0ed	data/train/T-3.parquet
fb994b589cb36c260eb1f4712a78a176a2e21be923a99a7f946aefc0ab9ce70b	data/train/T-4.parquet
95732c2d3338cc3a4d5f967c4ab710ac659c5f987b663eb35a69c432fb10da6c	data/train/T-5.parquet
0eeb9c2d8215f509d9b6dd93226bed59ff64f69c47ceb11b93f4aa1708979477	data/train/T-8.parquet
fe7679d7de4b62ce9326d55617b62c765b5f808604ff64cb9bea02f0fb6cc268	data/train/T-9.parquet
e2c14fe54929b8786207db8672ce61c9df727e9247aae6487172d1d11a34fada	data/test/A-1.parquet
633fb2634732f41a605caf107ef6ddc6e6510c94a907369a30b8515dd9a61df4	data/test/A-2.parquet
eb10ac8dcd8b366f7908b99b5145390fbbd79c8f0027c8c66096a07893091f40	data/test/A-3.parquet
de877668de907ab09621fb5ee72dd06b2b875142ec4ea5ecaec0d4d8ff9d0da4	data/test/A-4.parquet
7d68615796b0cc6d1a65bb19dd3752e1bef87343ce127a3f2061cfcec1423559	data/test/A-5.parquet
f3b66105ce66e1ebeaa16cd0bef3d37b792fc737282732368382d095349dfaa4	data/test/A-6.parquet
92abfe7a27a6f3a0b20041e8a08c5c832799bab354b88900b9a1ce0f613a1579	data/test/A-7.parquet
781ab31c0533a9f03898891e2c830f755229e0f8348b8d700caea4f71f06e596	data/test/A-8.parquet
12a7c83ee0136241b8ed2f6012c7de716f713c4a121809135331318b675a1993	data/test/A-9.parquet
d1a92e5fece78970d104b8304123226375addc50ae5674b5f5a640995ca29045	data/test/B-1.parquet
307f933ca272e25e35e32c556ffe89f1a25c396b202965ab21a4b7b6595f7a99	data/test/C-1.parquet
c7de3a24e30e7a0c4d483a87bab86d068a24db38f37383ee65854c51330318b1	data/test/C-2.parquet
b24b82e41294996606063b3ce746f541a6b243d0c3c029f3b5b5776b662668b6	data/test/D-1.parquet
de4edd7b0e8165b78024f967433194062ac1039a28e66044cf69d24cf8e8c619	data/test/D-11.parquet
e9c4c13f4557ab0b988002ca0aa62d80da915d8ce6a8831a4f4295a3bb973a33	data/test/D-12.parquet
35cc146453559ab8c74b568d5c0dbc08f607e78625071a259d28785c281de120	data/test/D-13.parquet
c0f1e27e870bb5c784a9a39df876983d17b2328704fc8a5cef5c2fa459c9b283	data/test/D-14.parquet
061272696f0a9022dcc55b6c490460184a710709568250452bee399f45b5a12e	data/test/D-15.parquet
0656416100dc6196836b61fbc0eef17493d275daccfa170d6c25c2038722f6b0	data/test/D-16.parquet
91977019e1f47df87efca8468602588a45f765f8caac5ba9049d424e75c9717f	data/test/D-2.parquet
f9b5de4037e7f67eef7f9fc79027daab3c2298555b24ee802b13a0a28e577098	data/test/D-3.parquet
b9777c9840a0d8d995660c886c5d51b096d0b143c83b43961ea5839b2bcd9c1f	data/test/D-4.parquet
82745a51098d537629eebfa9c70bd5f940c5307087b08974ba78fb8da75d24f3	data/test/D-5.parquet
25d5cba9338f36fdee8d973c8f5a31dc25876a62778b0a298f678b4859f84f39	data/test/D-6.parquet
4a8caeaee4df9f7b0db16b272c813cd7ee4842c7dced51ef14864f6453e0fdab	data/test/D-7.parquet
59045c001f762cb50475ea1bef6f01676c6b851639fea894949ee8d27f22cbbe	data/test/D-8.parquet
17fadbecb6fd13dcaf73e3e176e2b1e217948863161e6a3b107516b0ab34a024	data/test/D-9.parquet
c285b2821d0d7db48c2d9c6d693c9669a5a8b19b7f5296d664958c55636406fb	data/test/E-1.parquet
edd22a5ad4bc64e2455cf3b5ff8a9bb779979e4161cf9c2010fdd2ce8bac4d8e	data/test/E-10.parquet
a6ab86ef9fff5422a1c58b427b4d4410a16953a6147e16c0c993f590dc82f2e1	data/test/E-11.parquet
551a3cb3288371954f26e2463abd1f1b9389f432a7c4d7990560d10d87942ad2	data/test/E-12.parquet
2a3586849bc7a928118fa101b36c44a6e2e4ceade65fa2aff77aed4c446dfbc2	data/test/E-13.parquet
c9dcba7d63cf568bf163914ddcb934892f6dfbe3fed679c3c9c64e39bdf0ae8c	data/test/E-2.parquet
6fb33bf26922ea77e159829265dca64fded07d6aafa644e3ae51f1a0dab07fcf	data/test/E-3.parquet
99c6292c60bb7a51af9f08ed440b932ed8826a3088b1d55ad848e0a79149fffa	data/test/E-4.parquet
6d50e60b5e34b8b9af31a2aa53e6173b3c7bdbdda6ce6b0610a3f0d78cae2aca	data/test/E-5.parquet
d25d6b84c580458374ef6efbed9b8d9a0ed1cb22387e9780423bfa5bc36311cd	data/test/E-6.parquet
e6ca53bb9c028c9644fc05241c643289450655f9bcdd5048356c4f71d4bbc229	data/test/E-7.parquet
8cfac8fad2b6de6a647de8399dd3495133bf6d0227e2d84b6f6c7756fe326146	data/test/E-8.parquet
fb43025d1912c290d6c070f6ecaefa2990cafdf19f9dc1f149c850277e9db04d	data/test/E-9.parquet
c4245011b6803f5e4cba8214cfb06e249b7cba5f45cee3beb0daf5a11653cc24	data/test/F-1.parquet
4238aa9517ae4d4caafdf586c2cb5bf912271b4ffddaa9834793b0980ad4e274	data/test/F-2.parquet
7c578d7fbcd3e6aadb67acb4b21be604f378ba163d307639bd104bd2a1d5fca6	data/test/F-3.parquet
d55ffe435fb3396e146b03bb1c0b099aad85fba28853637dacdd6b51d675a954	data/test/F-4.parquet
232b00f5f497f7027fffa19a18731ef6403a3d3d27131c4fe272c25fc19b2e76	data/test/F-5.parquet
b4d0f3f995f32c90894c245a8f5baf482db028cf7c0438c8652321457c40ad67	data/test/F-7.parquet
4c4cbbf7bc7c06e676b589af35cde76a6d5bc632efa703cd78996d1878097ac7	data/test/F-8.parquet
f8bc3b847079984af422cf83c628caf6334fc49f2201e62c5665b32e62662bc7	data/test/G-1.parquet
abf83ebe313533029ddf07a46d6b9b85dc4d0bea1d7511003455c083b0748b3c	data/test/G-2.parquet
8b637b39ea078bf115d43c48e4b314749aa7754376375bffbe0539b2da2c4400	data/test/G-3.parquet
e1417eab1fe8155dd1bafb692a54ba53fd756878b617ea743222c649f001f5fc	data/test/G-4.parquet
1ca5427e0005747a61fa19ac97f66e8d0434c60602a92d1ee74d2f898538f8bf	data/test/G-6.parquet
858739bb941644ba505b7a3037023ba4ea8dabeb501eae4233bf91145e1250e3	data/test/G-7.parquet
6507b9dc1e3f001f8a0157abdda37beb48adbbe364d497fbcf1d07026b4ac9b2	data/test/M-1.parquet
80f7e857a4bcee875acfbed615ff1c6d04e0650e1b53fd20852ba63dbd9c2fa7	data/test/M-2.parquet
efce10a3e6d2e291f7964cab542d30ef91224631c9259a6d51381ade68854bab	data/test/M-3.parquet
fc3d57cc596d9fea79079747e1d6f2d3553ea4796196f70a434cbe1a07351b2e	data/test/M-4.parquet
0cefd51f251f73ed5ab78432520c72d4770b45b98aa0057b458576b80cf75429	data/test/M-5.parquet
665047eb898ef4e954fa7cf8d4e4c412898d26dbe3d65ad0aa8a31c62fa4e06b	data/test/M-6.parquet
8afee37d19dd6ee03a31a79aa906a4c087c92aba76cfe1300883d9b0442d3337	data/test/M-7.parquet
b5e25ceb22587106eb5f4d9f9ee990bd0aedb7707ca7cfaef8e8d429ff9bc84c	data/test/P-1.parquet
2c55d99dbf8decaa41fedc1eef8198ee6c6d53830bc757664e2c0950d6dace9a	data/test/P-10.parquet
ad9434375b9467f5e9949ec5a6662093f88b1514a976bab85a57e2cf6bdfd9d9	data/test/P-11.parquet
2c55d99dbf8decaa41fedc1eef8198ee6c6d53830bc757664e2c0950d6dace9a	data/test/P-14.parquet
9a17295077c6c65261af8c27d586c9cfeb2d90e14c813a3d4296e11be609d3e9	data/test/P-15.parquet
3e1d57dfd580dd7043d78389778aa35da798593f36a304821dfede69e410bbe2	data/test/P-2.parquet
379c0ba4b7b25da360e9a9d4c94dac9395992436ea334d41cfbde69733d10ccc	data/test/P-3.parquet
e9d6032e162b11974ab1ca7f145056ed931b43b629dcd50a47bc2d75de503fcb	data/test/P-4.parquet
0f68172b347d2f505edff39f0ac953f656a3b1365c0c4acb67c1eee5d714f795	data/test/P-7.parquet
bd9da0b4e92337b4abec0a0129b3b1e9720a40d95861176e2e5c98aef8811183	data/test/R-1.parquet
758a3bdeea81e84c717edaca16d94daf056559c0980cb4e1754b07ac7c416731	data/test/S-1.parquet
5ef078c439575d82dafb4415041c68dd69c8d927368c19bbece8492a7c76a69b	data/test/S-2.parquet
34d5fff3ddadd045a9a89468d99c03bb8ec384e56f1d7c2f9ecff6c780f2e5da	data/test/T-1.parquet
5acd285714b8eb8f0017bc54459072bd8a4d94af70e890ca0b55d4a62a21429c	data/test/T-10.parquet
5097bd5c05ffed8bf90affb990e3d21fe8b68cc70f78539aa1f1c05447264602	data/test/T-12.parquet
86adaa91903365eebf9c42dd0c3280fc4f4c7c77d331bf269b12ef83602f575a	data/test/T-13.parquet
cc3ace494a76826b771f1f14264a9823d0ccb17a86d434434697254bc435512e	data/test/T-2.parquet
03aa12ca82e74a92805fdf1c7a794dc40ee129b80dcb2f456ccd022c0ec86910	data/test/T-3.parquet
1da953acdb945efc86e4fa7e27c1e848e7f91558b10aa2e69a6e212c40f29ad3	data/test/T-4.parquet
76eb5508e51b516d8082d8bc5e62dd8fb4d473008025cf66ced74a921104aa31	data/test/T-5.parquet
07db0c73e3043392472bb14bcc119f6e2066e545577dce09354b0cc816c228f6	data/test/T-8.parquet
d274f708b9892255a98d3603564a8278e7deff886bcac5c028fb2cf009ac3de7	data/test/T-9.parquet
